Organization,Link,Title,Date,Tickers Mentioned
The Motley Fool,https://www.fool.com/investing/2023/06/01/my-top-20-stocks-to-buy-right-now/,My Top 20 Stocks to Buy Right Now,2023-06-01 00:00:00,"['EBAY', 'GOOG', 'CRM', 'CHGG', 'ADBE', 'GOOGL', 'STNE', 'CAT', 'DOCU', 'META', 'TGT', 'MA', 'ETSY', 'NKE', 'A', 'MSFT', 'MMM', 'PYPL', 'DE', 'NFLX', 'V', 'DIS', 'SBUX', 'PANW', 'ABNB', 'MELI', 'HD', 'DPZ']"
Seeking Alpha,https://seekingalpha.com/article/4608232-my-top-10-dividend-growth-stocks-invest-june-2023,"This excellent list of top stocks to buy includes growth stocks, dividend stocks, and value stocks.",2023-05-31 00:00:00,"['MSCI', 'AAPL', 'JPM', 'BLK', 'GS', 'RY', 'C', 'SCHW', 'MA', 'NDAQ', 'CNQ', 'PM', 'SQ', 'A', 'SPGI', 'MSFT', 'PYPL', 'UNP', 'V', 'WFC']"
The Motley Fool,https://www.fool.com/investing/2023/05/30/the-ultimate-growth-stocks-to-buy-with-1400-right/,My Top 10 Dividend Growth Stocks To Invest In For June 2023,2023-05-30 00:00:00,"['TV', 'TTD', 'OM', 'VS', 'A', 'MELI']"
InvestorPlace,https://investorplace.com/2023/05/3-top-growth-stocks-to-make-you-the-millionaire-next-door/,The 10 selected picks have shown an Average Dividend Growth Rate of 15.48% over the past 5 years. Read about my top 10 dividend growth...,2023-05-30 00:00:00,"['V', 'PEG', 'SOFI', 'GOOGL', 'PM', 'GOOG', 'AXP', 'DOW', 'MD', 'TOP', 'AAPL', 'LCID', 'GME', 'AVGO', 'MA']"
InvestorPlace,https://investorplace.com/2023/05/best-growth-stocks-for-second-half-of-2023/,"The Ultimate Growth Stocks to Buy With $1,400 Right Now",2023-05-31 00:00:00,"['MULN', 'LCID', 'NIO', 'BKNG', 'SWAV', 'AMD', 'GME', 'MAR', 'DOW', 'BSX', 'MD']"
InvestorPlace,https://investorplace.com/2023/05/the-25-best-growth-stocks-for-the-next-5-years/,There are still plenty of top growth companies at great prices for investors to buy now.,2023-05-31 00:00:00,"['SPOT', 'NKE', 'UPST', 'AAPL', 'GME', 'TTD', 'AMZN', 'CRM', 'RBC', 'ADBE', 'SQ', 'NIO', 'SE', 'CHPT', 'NFLX', 'OUST', 'ENPH', 'MULN', 'GOOGL', 'TDOC', 'LCID', 'GOOG', 'CROX', 'MD', 'EVGO', 'SHOP', 'LAZR', 'HUBS', 'ROKU', 'MSFT', 'AMD', 'DOW', 'PYPL']"
The Motley Fool,https://www.fool.com/investing/2023/05/28/2-top-growth-stocks-to-buy-right-now-and-hold-for/,3 Top Growth Stocks to Make You the Millionaire Next Door,2023-05-28 00:00:00,"['TSLA', 'VS', 'NVDA']"
InvestorPlace,https://investorplace.com/2023/05/3-growth-stocks-to-buy-to-recession-proof-your-portfolio/,Growth stock investing can help you become the millionaire next door. Discover the top growth stocks to buy now for your retirement goals.,2023-05-28 00:00:00,"['MULN', 'GB', 'RTX', 'DOW', 'NIO', 'NVDA', 'AAPL', 'AMD', 'GME', 'MD', 'META', 'PM']"
Investopedia,https://www.investopedia.com/top-tech-stocks-may-2023-7495480,3 Best Growth Stocks to Buy for Second Half of 2023,2023-05-11 00:00:00,"['L', 'ARW', 'AAPL', 'TTD', 'QCOM', 'AMZN', 'AVT', 'M', 'O', 'DQ', 'NVDA', 'GRAB', 'BELFB', 'HIMX', 'NFLX', 'FANG', 'TIO', 'FSLR', 'ZI', 'RUM', 'GOOGL', 'AEHR', 'SMCI', 'NOK', 'V', 'META']"
Investopedia,https://www.investopedia.com/top-small-cap-stocks-may-2023-7495969,"While some experts expect a recession later this year, here are three high-potential stocks for the second half of 2023.",2023-05-11 00:00:00,"['RXDX', 'M', 'SNCY', 'MRK', 'O', 'JXN', 'L', 'ACLX', 'MDGL', 'FRO', 'TBPH', 'V', 'SWAV', 'SBOW']"
Zacks,https://www.zacks.com/commentary/2102598/best-growth-stocks-to-buy-for-june-1st,Best Growth Stocks to Buy for June 1st,2023-06-01 00:00:00,"['CCU', 'ENS', 'VRT', 'AVGO', 'MSN', 'FIS', 'PEG', 'ESP', 'LULU']"
Investor's Business Daily,https://www.investors.com/news/technology/artificial-intelligence-stocks/,"CCU, ENS and VRT made it to the Zacks Rank #1 (Strong Buy) growth stocks list on June 1, 2023.",2023-06-01 00:00:00,"['KO', 'MS', 'AAPL', 'TDW', 'AMZN', 'EPAM', 'O', 'ADBE', 'NVDA', 'OUT', 'YOU', 'NFLX', 'FANG', 'IT', 'GOOGL', 'TD', 'AM', 'CRWD', 'NET', 'TEAM', 'INTC', 'IBM', 'ZM', 'PLTR', 'SNOW', 'ANET', 'MRVL', 'MSFT', 'AMD', 'UBS', 'ACN', 'META', 'CRM']"
Morningstar,https://www.morningstar.com/stocks/10-best-growth-stocks-buy-long-term,AI Stocks: Best Artificial Intelligence Stocks To Watch Amid ChatGPT Hype,2023-05-25 00:00:00,"['ASML', 'ECL', 'ADSK', 'ROK', 'NRG', 'MA', 'MSFT', 'INTU', 'V', 'SPGI', 'TYL']"
The Motley Fool,https://www.fool.com/investing/2023/06/01/investing-1000-in-these-2-exceptional-growth-stock/,"Amid hype over artificial intelligence and ChatGPT, the best AI stocks generate sales or get a strategic edge from the maturing technology.",2023-06-01 00:00:00,"['VS', 'CHWY', 'TDOC']"
Investor's Business Daily,https://www.investors.com/research/dow-jones-stocks/,10 Best Growth Stocks to Buy for the Long Term,2023-06-01 00:00:00,['ID']
The Motley Fool,https://www.fool.com/investing/2023/06/01/have-2000-2-remarkable-growth-stocks-to-buy-right/,The stocks of these high-quality growth companies look undervalued today.,2023-06-01 00:00:00,"['VS', 'PFE', 'TDOC']"
The Motley Fool,https://www.fool.com/investing/2023/05/28/got-1500-2-top-growth-stocks-to-buy-right-now/,"Investing $1,000 in These 2 Exceptional Growth Stocks Could Be a Brilliant Move",2023-05-28 00:00:00,"['VS', 'FICO', 'UPST', 'ISRG']"
The Motley Fool,https://www.fool.com/investing/2023/06/01/prediction-2-top-ai-growth-stocks-that-will-be-wor/,These stocks are still generating meaningful expansion in a difficult operating environment.,2023-06-01 00:00:00,"['TSM', 'VS', 'ASML', 'META']"
The Motley Fool,https://www.fool.com/investing/2023/06/01/this-stock-could-be-a-no-brainer-buy-for-dividend/,Best Dow Jones Stocks To Watch In May 2023,2023-06-01 00:00:00,"['VS', 'FIVE', 'WSM']"
The Motley Fool,https://www.fool.com/investing/2023/06/01/3-top-tech-stocks-to-buy-in-june/,"The best Dow Jones stocks to buy and watch in May 2023 include Apple stock, Boeing and Microsoft in today's stock market.",2023-06-01 00:00:00,"['VS', 'MSFT', 'AMD', 'AAPL']"
The Motley Fool,https://www.fool.com/investing/2023/06/01/3-best-cloud-stocks-to-buy-in-june/,3 Best Cloud Stocks to Buy in June,2023-06-01 00:00:00,"['GOOGL', 'GOOG', 'MSFT', 'AMD', 'PEG', 'VS']"
The Motley Fool,https://www.fool.com/investing/2023/06/01/cathie-wood-sell-nvidia-stock-buy-ai-growth-stock/,These companies have excellent prospects in the $484 billion cloud industry.,2023-06-01 00:00:00,"['DGX', 'IT', 'NVDA', 'PATH', 'VS', 'FORR']"
The Motley Fool,https://www.fool.com/investing/2023/05/31/4-top-stocks-to-buy-in-june/,Cathie Wood Is Selling Nvidia and Buying This Artificial Intelligence (AI) Growth Stock,2023-05-31 00:00:00,"['QCOM', 'META', 'PYPL', 'ABNB']"
The Motley Fool,https://www.fool.com/investing/2023/05/31/2-growth-stocks-to-buy-before-a-big-rally/,Cathie Wood's Ark Invest is signaling high conviction in this AI growth stock.,2023-05-31 00:00:00,"['DIS', 'TV', 'ROKU', 'EBAY', 'VS', 'ETSY', 'NFLX', 'AMZN']"
The Motley Fool,https://www.fool.com/investing/2023/05/28/best-growth-stock-to-buy-pinterest-vs-snap/,4 Top Stocks to Buy in June,2023-05-28 00:00:00,"['PINS', 'SNAP']"
The Motley Fool,https://www.fool.com/investing/2023/06/01/3-top-gaming-stocks-to-buy-in-june/,"The markets are always looking forward, and you should, too.",2023-06-01 00:00:00,"['VS', 'MSFT', 'AMD', 'NVDA']"
The Motley Fool,https://www.fool.com/investing/2023/05/30/bull-market-coming-2-revolutionary-growth-stocks/,2 Growth Stocks to Buy Before a Big Rally,2023-05-30 00:00:00,"['VS', 'UPST', 'TDOC']"
The Motley Fool,https://www.fool.com/investing/2023/05/30/110-sp-500-companies-talking-ai-2-stocks-buy-now/,Find out why these two stocks could be your ticket to impressive returns in the market's next bull run. The stock market is trending upwards...,2023-05-30 00:00:00,"['TSLA', 'VS', 'AMZN']"
The Motley Fool,https://www.fool.com/investing/2023/05/31/bull-market-coming-1-magnificent-growth-stock/,Best Growth Stock to Buy: Pinterest vs. Snap,2023-05-31 00:00:00,"['CRWD', 'VS', 'FCF']"
The Motley Fool,https://www.fool.com/investing/2023/05/30/got-5000-these-2-growth-stocks-are-smart-buys-any/,The two social media stocks are faced with similar macroeconomic challenges.,2023-05-30 00:00:00,"['VS', 'AMZN', 'V']"
The Motley Fool,https://www.fool.com/investing/2023/05/15/3-top-growth-stocks-to-buy-now-and-hold-forever/,3 Top Growth Stocks to Buy Now and Hold Forever,2023-05-18 00:00:00,"['CMCSA', 'GOOGL', 'DIS', 'META', 'CTV', 'GOOG', 'PARA', 'FVRR', 'VS', 'TTD', 'SWAV']"
The Motley Fool,https://www.fool.com/investing/2023/05/11/10x-potential-7-best-growth-stocks-to-buy-now-unde/,Each of these exceptional businesses is growing on the back of big economic trends in their favor.,2023-05-11 00:00:00,"['SOFI', 'INDI', 'OLO', 'PLTR', 'RKLB', 'STEM', 'IONQ']"
The Motley Fool,https://www.fool.com/investing/2023/05/31/1-unstoppable-growth-stock-to-buy-fist-wall-street/,10X Potential: 7 Best Growth Stocks to Buy Now Under $10,2023-05-31 00:00:00,"['VS', 'PANW']"
Investopedia,https://www.investopedia.com/top-growth-stocks-may-7496053,Here are 7 stocks to buy now that could unlock explosive gains in your growth-stock portfolio.,2023-05-11 00:00:00,"['M', 'TMUS', 'O', 'LCID', 'ZBH', 'L', 'V', 'NVDA', 'MSFT', 'CHK', 'PI', 'NAT', 'GFS', 'APTV']"
The Motley Fool,https://www.fool.com/investing/2023/05/28/want-to-get-richer-3-top-stocks-to-buy-now-and-hol/,"1 Unstoppable Growth Stock to Buy Hand Over Fist, According to Wall Street",2023-05-28 00:00:00,"['MELI', 'BIPC', 'VS', 'BIP', 'VRTX']"
The Motley Fool,https://www.fool.com/investing/2023/05/28/advice-from-warren-buffett-2-growth-stocks-to-buy/,Cybersecurity tools remain in high demand despite the challenging economic environment.,2023-05-28 00:00:00,"['MELI', 'FCF', 'ABNB', 'VS']"
The Motley Fool,https://www.fool.com/investing/2023/05/30/best-stocks-to-buy-now-is-uipath-stock-a-buy-after/,Top Growth Stocks for May 2023,2023-05-31 00:00:00,"['PATH', 'GOOG', 'GOOGL', 'MSFT', 'NVDA', 'AMZN', 'PLTR']"
The Motley Fool,https://www.fool.com/investing/2023/05/22/got-5000-these-are-2-of-the-best-growth-stocks-to/,"Zimmer Biomet Holdings Inc and Nordic American Tankers are top stocks for EPS and revenue growth, respectively.",2023-05-25 00:00:00,"['ASML', 'VS', 'AMZN', 'BRK.B', 'BRK.A']"
Yahoo Finance,https://finance.yahoo.com/news/why-blackbaud-blkb-top-growth-134508376.html,Want to Get Richer? 3 Top Stocks to Buy Now and Hold Forever,2023-05-31 00:00:00,"['AM', 'PLUS', 'AG', 'CIO', 'BLKB', 'LULU', 'PLTR', 'EVLV', 'VMC', 'WEAV', 'CVGI', 'ARLO', 'MDB', 'AVGO', 'ANET', 'LIFE', 'CHPT', 'INTT', 'DG', 'FA', 'DELL', 'HEAR', 'CMC']"
Nasdaq,https://www.nasdaq.com/articles/best-growth-stock-to-buy:-pinterest-vs.-snap,There are basically three key ingredients necessary to build wealth. You need some money to invest. You have to find the right assets to...,2023-05-28 00:00:00,"['AMC', 'AMZN', 'IR', 'GME', 'PINS', 'TG', 'NVDA', 'SNAP', 'TSLA', 'MU', 'TGTX', 'AAPL', 'RBC']"
The Motley Fool,https://www.fool.com/investing/2023/06/01/5-top-dividend-stocks-to-buy-in-june-2023/,5 Top Dividend Stocks to Buy in June 2023,2023-05-31 00:00:00,"['TSN', 'UNH', 'QCOM', 'CPA', 'JNJ']"
Yahoo Finance,https://finance.yahoo.com/news/why-enphase-energy-enph-top-134505958.html,All five of these dividend stocks are trading a cheap valuations.,2023-05-30 00:00:00,"['LULU', 'CLF', 'AVGO', 'CMC', 'AMSC', 'PLUS', 'CIO', 'MDB', 'ENPH', 'GE', 'PLTR', 'BLKB', 'DELL', 'AMD', 'OXY', 'FA', 'TSLA', 'CHPT', 'AM', 'DG', 'LIFE']"
U.S. News - Money,https://money.usnews.com/investing/stock-market-news/slideshows/best-cheap-stocks-to-buy-under-10,Why Enphase Energy (ENPH) is a Top Growth Stock for the Long-Term,2023-05-25 00:00:00,"['SA', 'NFLX', 'SNAP', 'CPG', 'BHG', 'LBTYA', 'NOK', 'TEF', 'AEG', 'TME', 'IQ', 'PLUS']"
The Motley Fool,https://www.fool.com/investing/2023/05/23/investing-top-growth-stocks-brilliant-move-tdoc/,Taking full advantage of the stock market and investing with confidence are common goals for new and old investors alike.,2023-05-25 00:00:00,"['DXCM', 'VS', 'TDOC']"
The Motley Fool,https://www.fool.com/investing/2023/05/29/2-top-warren-buffett-stocks-to-buy-right-now/,8 Best Cheap Stocks to Buy Under $10 | Investing | U.S. News,2023-05-29 00:00:00,"['ROIC', 'VS', 'KO', 'V']"
The Motley Fool,https://www.fool.com/investing/2023/05/28/1-stock-down-88-to-buy-and-hold-for-10-years/,"Stocks trading under $10 can be attractive for investors looking to scoop up some cheap shares. Unfortunately, quality stocks trading at...",2023-05-28 00:00:00,"['VS', 'FVRR']"
Kiplinger,https://www.kiplinger.com/investing/stocks/momentum-stocks-to-buy-now,"Investing $1,000 in These 2 Top Growth Stocks Would Be a Brilliant Move",2023-05-30 00:00:00,"['TSCO', 'AMZN', 'SPOT', 'LI', 'DKNG', 'AAPL', 'FOR', 'NVDA', 'SNAP', 'TV', 'YOU', 'META', 'L', 'PLAY', 'DXCM', 'FTNT']"
Forbes,https://www.forbes.com/sites/investor-hub/article/7-best-stocks-to-buy-for-2023/,"Given the market volatility over the past few years, some investors are questioning whether they should still be putting their hard-earned...",2023-05-25 00:00:00,"['DIS', 'OR', 'IT', 'TV', 'DG', 'TMUS', 'AMZN', 'CMG', 'WFC', 'LLY']"
The Motley Fool,https://www.fool.com/investing/2023/05/27/2-revolutionary-stocks-id-buy-right-now-without-he/,2 Top Warren Buffett Stocks to Buy Right Now,2023-05-27 00:00:00,"['VS', 'TDOC', 'ISRG']"
The Motley Fool,https://www.fool.com/investing/2023/05/12/2-growth-stocks-to-buy-in-may/,These stocks produce reliable cash flow thanks to strong competitive advantages.,2023-05-11 00:00:00,"['CRWD', 'ABNB', 'VS', 'FCF']"
The Motley Fool,https://www.fool.com/investing/2023/05/31/2-newly-minted-ai-stocks-to-buy-right-now/,2 Newly Minted AI Stocks to Buy Right Now,2023-05-31 00:00:00,"['PFE', 'GE', 'VS', 'NVDA', 'MDT', 'LLY']"
The Motley Fool,https://www.fool.com/investing/2023/05/31/2-bargain-dow-jones-stocks-to-buy-now/,Eli Lilly and Medtronic have recently joined the burgeoning field of AI stocks.,2023-05-31 00:00:00,"['IT', 'MMM', 'IBM', 'VS']"
The Motley Fool,https://www.fool.com/investing/2023/05/29/the-top-healthcare-stocks-to-buy-with-100/,2 Bargain Dow Jones Stocks to Buy Now,2023-05-29 00:00:00,"['CVS', 'PFE', 'HIMS', 'VS']"
Yahoo Finance,https://finance.yahoo.com/news/best-growth-stocks-buy-may-124800629.html,"The Dow Jones Industrial Average (^DJI) may only contain 30 stocks, but it's still one of the most watched U.S. stock indices.",2023-05-25 00:00:00,"['CHPT', 'PLUS', 'PEG', 'LIFE', 'CMC', 'AMD', 'LRN', 'LULU', 'FA', 'CLF', 'VMC', 'DG', 'PLTR', 'EZPW', 'TSLA', 'DELL', 'AVGO', 'MDB', 'VRT']"
Nasdaq,https://www.nasdaq.com/articles/10x-potential%3A-7-best-growth-stocks-to-buy-now-under-%2410,The Top Healthcare Stocks to Buy With $100,2023-05-11 00:00:00,
InvestorPlace,https://investorplace.com/2023/05/the-3-best-dividend-growth-stocks-to-buy-now/,"The healthcare industry is diverse and complex, with longtime staples and emerging disruptors to fit your portfolio -- and it also doesn't...",2023-05-31 00:00:00,"['PM', 'SOFI', 'AAPL', 'GME', 'MD', 'LCID', 'DOW', 'FCF', 'ALB', 'DOX']"
Investor's Business Daily,https://www.investors.com/news/top-china-stocks-to-buy-now/,Best Growth Stocks to Buy for May 25th,2023-05-27 00:00:00,"['OUT', 'PM', 'BABA', 'BIDU', 'PDD', 'CHPT', 'O', 'TSLA', 'ED', 'ZTO', 'VIPS', 'TCOM', 'FANG', 'LI', 'YOU', 'NTES', 'MS', 'BYD']"
The Motley Fool,https://www.fool.com/investing/2023/05/24/4-growth-stocks-to-buy-and-hold-forever/,"VRT, EZPW and LRN made it to the Zacks Rank #1 (Strong Buy) growth stocks list on May 25, 2023.",2023-05-25 00:00:00,"['DXCM', 'BROS', 'BKNG', 'ASML', 'VS']"
Yahoo Finance,https://finance.yahoo.com/news/best-growth-stocks-buy-may-101710676.html,10X Potential: 7 Best Growth Stocks to Buy Now Under $10,2023-05-11 00:00:00,"['CMC', 'CIO', 'CHPT', 'LULU', 'PLUS', 'FA', 'CLF', 'DELL', 'DG', 'AVGO', 'VMC', 'PLTR', 'PERI', 'FOUR', 'MDB', 'PHM', 'PEG', 'LIFE']"
The Motley Fool,https://www.fool.com/investing/2023/05/13/3-growth-stocks-to-buy-and-hold/,"Growth stocks are out of fashion, and the SPACs and IPOs of 2020 and 2021 have been beaten down to unfathomable levels. With so many stocks...",2023-05-11 00:00:00,"['LLY', 'CF', 'VRTX', 'AXSM', 'PEG', 'VS']"
The Motley Fool,https://www.fool.com/investing/2023/05/28/3-cathie-wood-stocks-rise-245-980-next-few-years/,3 Cathie Wood Stocks Expected to Rise 245% to 980% Over the Next Few Years,2023-05-28 00:00:00,"['TSLA', 'COIN', 'ROKU', 'VS']"
USA Today,https://www.usatoday.com/money/blueprint/investing/best-growth-stocks/,"Despite some bold predictions, investors should not discount the possibility of earning outsize returns in these stocks.",2023-05-11 00:00:00,"['V', 'CRSP', 'MA', 'CRM', 'AMAT', 'TV', 'VRTX', 'M', 'PYPL', 'MSN', 'ADBE']"
Investor's Business Daily,https://www.investors.com/research/best-stocks-to-buy-and-watch-cybersecurity-leader-cloudflare-is-breaking-out-today/,Best growth stocks to buy now June 2023 – USA TODAY Blueprint,2023-06-01 00:00:00,['ID']
The Motley Fool,https://www.fool.com/investing/2023/05/26/3-growth-stocks-to-buy-that-could-be-massive-long/,Our list of the best growth stocks to buy show significant upside potential and carry bullish ratings from Wall Street analysts.,2023-05-26 00:00:00,"['KNSL', 'SHOP', 'VS', 'CELH']"
The Motley Fool,https://www.fool.com/investing/2023/05/26/2-incredible-growth-stocks-that-could-make-a-comeb/,Cybersecurity Leader Is Breaking Out Today And In Buy Range,2023-05-26 00:00:00,"['ISRG', 'VS', 'FVRR']"
U.S. News - Money,https://money.usnews.com/investing/articles/best-growth-stocks-for-the-next-ten-years,Cybersecurity leader Cloudflare is breaking out today and is one of the best stocks to buy and watch in today's stock market.,2023-05-11 00:00:00,"['DXCM', 'BABA', 'TSCO', 'CSCO', 'PLUS', 'AAPL', 'TSLA', 'FTNT', 'AMZN', 'BHG', 'TV']"
Investopedia,https://www.investopedia.com/top-stocks-may-2023-7489215,3 Growth Stocks to Buy That Could Be Massive Long-Term Winners,2023-05-04 00:00:00,"['FSLR', 'M', 'TV', 'AXON', 'NYCB', 'CHK', 'FICO', 'L', 'NCLH', 'V', 'DISH', 'OVV', 'CCL', 'PFGC', 'CVS', 'AZTA', 'WWE', 'SWN', 'APO', 'O']"
The Motley Fool,https://www.fool.com/investing/2023/05/19/2-top-growth-stocks-to-buy-without-hesitation/,"Despite their premium valuations today, these three stocks should continue delivering top-tier growth for decades.",2023-05-18 00:00:00,"['GXO', 'PRTS', 'VS', 'ODFL', 'SAIA', 'XPO', 'RXO']"
TipRanks,https://www.tipranks.com/news/article/5-best-growth-stocks-to-invest-in-now-according-to-analysts-may-2023,2 Incredible Growth Stocks That Could Make a Comeback in 2023,2023-05-04 00:00:00,"['UP', 'AAPL', 'CHPT', 'SNOW', 'TSM', 'CBD', 'AMZN', 'PYPL', 'GOOGL', 'CRM', 'UCAR', 'MSFT', 'MGM', 'PANW', 'TSLA', 'AVGO', 'TGT', 'LE', 'API', 'BABA', 'AM', 'REUN', 'ABNB', 'MDB', 'LVS', 'TMUS', 'NVDA', 'ROKU', 'LULU', 'SQ', 'VSCO', 'BIDU', 'BP', 'XM']"
The Motley Fool,https://www.fool.com/investing/2023/05/28/this-dividend-darlings-days-as-a-top-stock-could-b/,These companies are changing the future of their respective industries.,2023-05-28 00:00:00,"['NEP', 'NEE', 'FIVE']"
The Motley Fool,https://www.fool.com/investing/2023/05/18/cathie-wood-is-buying-these-top-growth-stocks-and/,Cathie Wood Is Buying These Top Growth Stocks -- and Both Could Make You Richer Over Time,2023-05-18 00:00:00,"['PLTR', 'VS', 'TWLO']"
U.S. News - Money,https://money.usnews.com/investing/stock-market-news/slideshows/best-performing-stocks-of-the-past-30-years,The investing star of 2020 is hoping to get back on track in 2023. She's making moves.,2023-05-18 00:00:00,[]
U.S. News - Money,https://money.usnews.com/investing/dividends/slideshows/best-dividend-stocks-to-buy-this-year,10 Best-Performing Stocks of the Past 30 Years | Investing | U.S. News,2023-05-27 00:00:00,[]
InvestorPlace,https://investorplace.com/2023/05/7-undervalued-blue-chip-stocks-to-buy-for-june-2023/,These stocks can provide insight for investors looking to identify the top picks for the next three decades.,2023-05-29 00:00:00,"['DOW', 'SOFI', 'MD', 'LCID', 'JNJ', 'AMD', 'GME', 'DE', 'IBM', 'WFC', 'TSLA', 'XOM', 'CVX']"
Yahoo Finance,https://finance.yahoo.com/news/12-best-fast-growth-stocks-173930991.html,15 Best Dividend Stocks to Buy Now | Investing | U.S. News,2023-05-02 00:00:00,
U.S. News - Money,https://money.usnews.com/investing/stock-market-news/slideshows/best-growth-stocks-to-buy,These dividend stocks deliver reliable income in uncertain times.,2023-05-02 00:00:00,[]
InvestorPlace,https://investorplace.com/2023/06/3-energy-stocks-to-buy-now-for-life-changing-returns/,7 Undervalued Blue-Chip Stocks to Buy for June 2023,2023-06-01 00:00:00,"['DOW', 'RUN', 'SOFI', 'LCID', 'CHPT', 'AMD', 'GME', 'TSLA', 'ENPH', 'MD', 'PM']"
The Motley Fool,https://www.fool.com/investing/2023/05/15/2-top-growth-stocks-to-buy-before-they-skyrocket/,These top undervalued blue-chip stocks offer a significant amount of upside as we get into the second half of 2023.,2023-05-18 00:00:00,"['GLBE', 'AMZN', 'VS']"
InvestorPlace,https://investorplace.com/2023/05/7-stocks-to-buy-and-never-sell-long-term-buy-and-hold-stocks/,12 Best Fast Growth Stocks to Buy Now,2023-06-01 00:00:00,"['NIO', 'FSLR', 'SOFI', 'BAC', 'LCID', 'AMD', 'GME', 'PX', 'TD', 'PYPL', 'MD', 'RBC', 'AXP', 'CMG', 'V', 'WING', 'XOM', 'DOW', 'PLUG']"
Investor's Business Daily,https://www.investors.com/ibd-data-stories/stocks-to-watch-companies-with-top-stock-ratings/,In this article we take a look at some of the best fast growth stocks to buy now. You can skip this part and go directly to see 5 Best Fast...,2023-05-30 00:00:00,"['AM', 'UP', 'YOU', 'O', 'OUT', 'RS', 'NOW', 'GO', 'FANG', 'ALL', 'SMR', 'PM']"
Yahoo Finance,https://finance.yahoo.com/news/best-growth-stocks-buy-may-125900594.html,Best Growth Stocks to Buy for May 23rd,2023-05-25 00:00:00,
The Motley Fool,https://www.fool.com/investing/2023/05/26/2-growth-stocks-that-could-become-unstoppable-if-1/,"LRN, PERI and GPK made it to the Zacks Rank #1 (Strong Buy) growth stocks list on May 23, 2023.",2023-05-26 00:00:00,"['UPST', 'VS', 'SOFI', 'BAC']"
Yahoo Finance,https://finance.yahoo.com/news/best-growth-stocks-buy-may-105410869.html,2 Growth Stocks That Could Become Unstoppable (If 1 Thing Goes Right),2023-05-18 00:00:00,"['GE', 'CIO', 'CHPT', 'OLLI', 'AMD', 'CMC', 'PERI', 'CMG', 'TSLA', 'AVGO', 'PLTR', 'DG', 'FA', 'DELL', 'PLUS', 'PEG', 'MDB', 'LIFE', 'LULU']"
Yahoo Finance,https://finance.yahoo.com/news/12-best-growth-stocks-buy-184858371.html,SoFi Technologies and Upstart have made tremendous progress. But they each need 1 thing to help push them over the top.,2023-03-31 00:00:00,"['NEE', 'CIO', 'CLF', 'AMZN', 'CMC', 'CMG', 'VMC', 'MSFT', 'GOOG', 'BX', 'AP', 'TSLA', 'SAP', 'AVGO', 'YUM', 'SYY', 'SE', 'DG', 'FA', 'DELL', 'PLUS', 'MDB', 'ASML', 'LIFE', 'ARWR', 'LULU']"
The Motley Fool,https://www.fool.com/investing/2023/05/20/the-trade-desk-is-one-of-the-best-growth-stocks-to/,Best Growth Stocks to Buy for May 19th,2023-05-18 00:00:00,"['VS', 'TTD', 'TV']"
The Motley Fool,https://www.fool.com/investing/2023/05/05/2-top-growth-stocks-to-buy-in-may/,"CMG, OLLI and PERI made it to the Zacks Rank #1 (Strong Buy) growth stocks list on May 19, 2023.",2023-05-04 00:00:00,"['TSCO', 'VS', 'ULTA']"
Forbes,https://www.forbes.com/sites/investor-hub/article/best-value-stocks/,12 Best Growth Stocks to Buy for the Next 5 Years,2023-05-25 00:00:00,"['FNB', 'RDN', 'ORCC', 'ING', 'HMC', 'KB', 'KBH', 'WFC', 'OR', 'JEF', 'STWD']"
The Motley Fool,https://www.fool.com/investing/2023/05/26/should-you-buy-stocks-before-a-recession/,"In this article, we take a look at 12 best growth stocks to buy for the next 5 years. If you want to see more best growth stocks to buy for...",2023-05-26 00:00:00,"['VS', 'CCL', 'CUK', 'TDOC']"
Yahoo Finance,https://finance.yahoo.com/news/best-growth-stocks-buy-may-095009542.html,The Trade Desk Is 1 of the Best Growth Stocks to Buy in This Bear Market,2023-05-18 00:00:00,"['CIO', 'CLF', 'CHPT', 'OLLI', 'AMD', 'CMC', 'VMC', 'TSLA', 'AVGO', 'CLX', 'PLTR', 'DG', 'FA', 'DELL', 'PLUS', 'PEG', 'MDB', 'LIFE', 'LULU', 'AG']"
Yahoo Finance,https://finance.yahoo.com/news/best-growth-stocks-buy-may-104410475.html,The Trade Desk is taking advantage of marketers' increasing shift from traditional advertising to digital advertising.,2023-05-11 00:00:00,"['GE', 'CIO', 'CLF', 'CHPT', 'AMD', 'CMC', 'PHM', 'VMC', 'TSLA', 'AVGO', 'COTY', 'PLTR', 'PLTK', 'DG', 'FA', 'DELL', 'PLUS', 'PEG', 'MDB', 'LIFE', 'LULU']"
Benzinga,https://www.benzinga.com/money/best-growth-stocks,Best Growth Stocks Right Now • Benzinga - Investing,2023-05-25 00:00:00,"['M', 'TV', 'MELI', 'IBKR', 'CME', 'SHOP', 'ETSY', 'IP', 'ELF', 'FOX', 'TD', 'MCD', 'CEG', 'AEHR', 'GOOGL', 'PYPL', 'QCOM']"
Nasdaq,https://www.nasdaq.com/articles/2-top-growth-stocks-to-buy-before-they-skyrocket,Growth stocks can make an excellent addition to your portfolio if you can identify them correctly. We're taking a look at some of the best...,2023-05-18 00:00:00,"['DY', 'TG', 'IR', 'AAPL', 'GLBE', 'MU', 'AMC', 'TV', 'GME', 'ZIM', 'TGTX', 'RBLX', 'TSLA', 'AMZN', 'IFS']"
Forbes,https://www.forbes.com/advisor/investing/best-growth-stocks/,2 Top Growth Stocks to Buy Before They Skyrocket,2023-05-02 00:00:00,
Investor's Business Daily,https://www.investors.com/news/technology/google-stock-buy-now/,"We face an uncertain economy with some Federal Reserve officials predicting a mild recession this year. That said, the bear market in 2022...",2023-05-30 00:00:00,['ID']
The Motley Fool,https://www.fool.com/investing/2023/05/19/best-growth-stock-to-buy-sofi-vs-paypal/,10 Best Growth Stocks Of 2023,2023-05-18 00:00:00,"['PYPL', 'SOFI']"
Investor's Business Daily,https://www.investors.com/research/how-to-find-the-best-stocks-to-buy/best-growth-stocks-to-buy-stock-market-research/,Growth stocks thrive during economic expansions when interest rates are low—here are the best growth stocks.,2023-05-25 00:00:00,['ID']
Bankrate,https://www.bankrate.com/investing/best-long-term-investments/,"Google Stock: Is It A Buy Right Now? Here's What Earnings, GOOGL Stock Chart Show",2023-05-18 00:00:00,"['YOU', 'BR', 'ID']"
Zacks,https://www.zacks.com/commentary/2093136/best-growth-stocks-to-buy-for-may-10th,Here's what a fundamental and technical analysis says about buying Google stock as Search advertising business of GOOGL stock holds up.,2023-05-11 00:00:00,"['PEG', 'MSN', 'PHM', 'CLX', 'FIS', 'LULU', 'GPK', 'ESP', 'AVGO']"
The Motley Fool,https://www.fool.com/investing/2023/05/25/best-growth-stock-to-buy-paypal-vs-block/,Best Growth Stock to Buy: SoFi vs. PayPal,2023-05-25 00:00:00,"['PYPL', 'SQ']"
U.S. News - Money,https://money.usnews.com/investing/slideshows/7-stocks-that-soar-in-a-recession,The comparison between the two companies becomes apparent when you look at financial metrics.,2023-05-25 00:00:00,[]
The Motley Fool,https://www.fool.com/investing/2023/05/21/best-growth-stock-to-buy-roblox-vs-the-trade-desk/,Best Growth Stock to Buy: Roblox vs. The Trade Desk,2023-05-25 00:00:00,"['TTD', 'RBLX']"
InvestorPlace,https://investorplace.com/2023/05/7-of-the-best-long-term-dividend-stocks-to-buy-and-never-sell/,The two growth stocks have massive market opportunities ahead of them.,2023-06-01 00:00:00,"['DOW', 'NIO', 'SOFI', 'MD', 'LMT', 'LCID', 'ITW', 'LOW', 'TXN', 'AMD', 'GME', 'JPM', 'GPC', 'NVDA', 'NAPA', 'MRK']"
Investor's Business Daily,https://www.investors.com/news/technology/crm-stock-buy-now/,7 of the Best Long-Term Dividend Stocks to Buy and Never Sell,2023-05-30 00:00:00,['ID']
The Motley Fool,https://www.fool.com/investing/2023/05/25/2-growth-stocks-to-buy-with-1000-right-now/,Genuine Parts (GPC): GPC stock is best known as a 'dividend king.' Illinois Tool Works (ITW): Shares in industrial conglomerate ITW are a...,2023-05-25 00:00:00,"['TV', 'TOST', 'GOOG', 'VS', 'GOOGL']"
The Motley Fool,https://www.fool.com/investing/2023/05/09/my-17-top-stocks-to-buy-now-in-may/,"CRM Stock: Is It A Buy Right Now? Here's What Earnings, Salesforce Stock Chart Show",2023-05-11 00:00:00,"['NKE', 'CHGG', 'EBAY', 'GOOGL', 'PYPL', 'CRM', 'MA', 'DPZ', 'MSFT', 'GOOG', 'V', 'PANW', 'TGT', 'META', 'MMM', 'SBUX', 'ABNB', 'NFLX', 'MELI', 'DIS', 'ETSY', 'DOCU', 'HD', 'ADBE']"
GOBankingRates,https://www.gobankingrates.com/investing/stocks/growth-stocks-invest-in-now/,"Whether to buy CRM stock now depends on investor confidence in the ""new"" Salesforce (CRM) — a big cap software maker focused on profits...",2023-05-11 00:00:00,"['FOR', 'YOU', 'AMZN', 'GOOGL', 'DAL', 'GO', 'HAL', 'GOOG', 'CNM', 'ARCO', 'SEE', 'TSLA', 'META', 'BEST', 'MNST', 'SAVE', 'GEN', 'NOW', 'MELI', 'TMUS']"
Yahoo Finance,https://finance.yahoo.com/news/best-growth-stocks-buy-may-120612776.html,"2 Growth Stocks to Buy With $1,000 Right Now",2023-05-18 00:00:00,"['CIO', 'CLF', 'CHPT', 'AMD', 'CMC', 'PHM', 'VMC', 'ARCO', 'TSLA', 'AVGO', 'CLX', 'PLTR', 'DG', 'FA', 'DELL', 'PLUS', 'PEG', 'MDB', 'LIFE', 'LULU']"
Zacks,https://www.zacks.com/commentary/2091333/best-growth-stocks-to-buy-for-may-8th,"Growth stocks were hit the hardest in the market sell-off last year, as investors turned toward value stocks in response to concerns about...",2023-05-11 00:00:00,"['PEG', 'MSN', 'CLX', 'FIS', 'EZPW', 'LULU', 'GPK', 'ESP', 'AVGO']"
The Motley Fool,https://www.fool.com/investing/2023/05/25/best-growth-stock-to-buy-disney-vs-peloton/,My 17 Top Stocks to Buy Now in May,2023-05-25 00:00:00,"['DIS', 'PTON', 'TV']"
The Motley Fool,https://www.fool.com/investing/2023/04/18/heres-my-top-growth-stock-to-buy-right-now/,They include a list of the best growth stocks as well as top dividend stocks.,2023-05-02 00:00:00,"['VS', 'PEG', 'AMD']"
The Motley Fool,https://www.fool.com/investing/2023/05/12/invest-1000-2-growth-stocks-buy-dip/,"Looking to Invest $1,000 This Month? 2 Growth Stocks to Buy on the Dip",2023-05-11 00:00:00,"['AMZN', 'VS', 'AMD']"
Forbes,https://www.forbes.com/sites/investor-hub/article/what-are-growth-stocks-and-18-to-buy-now/,"After a brutal sell-off last year that sent many of the best stocks into the bargain bin, some of the strongest are now on the rebound.",2023-05-02 00:00:00,
Investor's Business Daily,https://www.investors.com/research/best-robinhood-stocks-to-buy-now/,What Are Growth Stocks And 18 To Buy Now,2023-05-25 00:00:00,"['FANG', 'OUT', 'COF', 'AXP', 'WBD', 'AMZN', 'BYD', 'CAN', 'MS', 'NFLX', 'AAPL', 'SNOW', 'CMCSA', 'TSM', 'PARA', 'O', 'AMC', 'TSLA', 'STNE', 'BAC', 'DIS', 'YOU', 'CHPT', 'PM', 'KO', 'USB', 'GME', 'M']"
Yahoo Finance,https://finance.yahoo.com/news/best-growth-stocks-buy-may-134901794.html,"After a challenging time, things may be looking up for growth stocks in 2023. Inflation has eased and there's a chance interest rates could...",2023-05-02 00:00:00,"['PLTR', 'COTY', 'CLF', 'LULU', 'PEG', 'AG', 'MDB', 'DELL', 'CIO', 'VMC', 'AVGO', 'MDV', 'TSLA', 'PLUS', 'FA', 'DG', 'CHPT', 'LIFE', 'CMC']"
The Motley Fool,https://www.fool.com/investing/2023/05/25/why-buying-1000-ai-growth-stock-brilliant-crwd/,These Are The Best Robinhood Stocks To Buy Or Watch Now,2023-05-25 00:00:00,"['NVDA', 'VS', 'CRWD']"
Yahoo Finance,https://finance.yahoo.com/news/best-growth-stocks-buy-may-111311995.html,"Buying a stock is easy, but purchasing the right stock without a proven strategy is hard. Here are the best Robinhood stocks to buy now.",2023-05-18 00:00:00,
Business Insider,https://www.businessinsider.com/investing-growth-stock-picks-to-buy-now-strategy-fund-managers-2023-5,Best Growth Stocks to Buy for May 4th,2023-05-18 00:00:00,"['AM', 'RACE', 'PL', 'META', 'AMZN', 'TV', 'M', 'NL', 'EL', 'AAPL', 'MX', 'MA', 'VRSK', 'GOOGL', 'BABA', 'CPRT', 'DE', 'ES', 'TSLA', 'NKE', 'MSFT', 'NOW', 'NYC', 'V']"
Investopedia,https://www.investopedia.com/top-financial-stocks-may-2023-7498917,"COTY, MDV and PHM made it to the Zacks Rank #1 (Strong Buy) growth stocks list on May 4, 2023.",2023-05-18 00:00:00,"['NYCB', 'AMBC', 'L', 'O', 'JXN', 'WDH', 'MFIC', 'ON', 'VC', 'V', 'M', 'FCNCA']"
Seeking Alpha,https://seekingalpha.com/article/4601405-buy-alert-2-top-dividend-growth-stocks-with-secular-tailwinds,"Why Buying $1,000 of This AI Growth Stock Could Be a Brilliant Move",2023-05-11 00:00:00,"['AM', 'TSM', 'FDX', 'NKE', 'UPS', 'ESS', 'FCF', 'CMT', 'AVGO', 'ABR']"
The Motley Fool,https://www.fool.com/investing/2023/04/25/got-1000-2-top-growth-stocks-to-buy-that-could-dou/,You don't have to invest a fortune in order to generate stellar returns over the long term. If you have your financial bases covered and...,2023-05-02 00:00:00,"['TWLO', 'VS', 'CRM']"
Forbes,https://www.forbes.com/sites/investor-hub/article/best-warren-buffett-stocks-to-buy-and-hold-in-2023/,Best Warren Buffett Stocks To Buy And Hold In 2023,2023-05-25 00:00:00,"['TSM', 'BRK.A', 'BAC', 'DJCO', 'LPX', 'PARA', 'INTC', 'KO', 'AMX', 'BK', 'OR', 'GM', 'USB']"
InvestorPlace,https://investorplace.com/2023/05/7-stocks-under-50-to-buy-and-never-sell/,"Take the best of Warren Buffett's portfolio and you're likely to beat the market, again and again.",2023-05-30 00:00:00,"['SMR', 'GURE', 'TME', 'TX', 'SOFI', 'INMD', 'EPSN', 'SLP', 'DOW', 'GME', 'MD', 'LCID']"
Yahoo Finance,https://finance.yahoo.com/news/10-best-small-cap-growth-102628774.html,7 Stocks Under $50 to Buy (and Never Sell),2023-05-02 00:00:00,
USA Today,https://www.usatoday.com/money/blueprint/investing/best-stocks-under-10/,"Although you usually get what you pay for, these best affordable stocks to invest in punch above their weight class.",2023-05-18 00:00:00,"['GTX', 'MA', 'HGBL', 'TV', 'ASRT', 'MSN', 'VTNR', 'CMPO', 'M']"
The Motley Fool,https://www.fool.com/investing/2023/05/23/2-growth-stocks-money-managers-are-buying/,10 Best Small-Cap Growth Stocks to Buy Now,2023-05-25 00:00:00,"['TWLO', 'AMZN', 'VS', 'FCF']"
The Motley Fool,https://www.fool.com/investing/2023/03/26/3-top-growth-stocks-to-buy-now-that-could-be-worth/,"In this piece, we will take a look at the ten best small-cap growth stocks to buy now. For more stocks, head on over to 5 Best Small-Cap...",2023-03-26 00:00:00,"['AVGO', 'NFLX', 'VS', 'META']"
Investopedia,https://www.investopedia.com/top-industrials-stocks-may-7498109,Best stocks to buy under $10 in 2023 – USA TODAY Blueprint,2023-05-19 00:00:00,
Yahoo Finance,https://finance.yahoo.com/news/best-growth-stocks-buy-may-122412395.html,"Buying stocks under $10 is not for the faint of heart. Many of these stocks are extremely volatile and high-risk speculative investments,...",2023-05-12 00:00:00,"['AG', 'AM', 'PEG', 'PHM', 'COTY']"
Kiplinger,https://www.kiplinger.com/investing/stocks/best-stocks-to-buy-now,2 Growth Stocks Brilliant Money Managers Are Buying Hand Over Fist,2023-05-03 00:00:00,"['DECK', 'AMGN', 'VZ', 'MRK', 'LULU', 'HAL', 'TMUS', 'UBS', 'MTDR', 'AMZN', 'ADM', 'AMD', 'REXR', 'WDAY', 'NVDA']"
Zacks,https://www.zacks.com/commentary/2090660/best-growth-stocks-to-buy-for-may-5th,Well-regarded hedge fund managers Arne Alsin and Karthik Sarma were scooping up shares of these growth stocks in Q1.,2023-05-05 00:00:00,[]
Forbes,https://www.forbes.com/sites/investor-hub/article/12-best-artificial-intelligence-ai-stocks-to-buy/,12 Best Artificial Intelligence (AI) Stocks To Buy For 2023,2023-05-26 00:00:00,"['IBM', 'MSFT', 'TSLA', 'GOOGL', 'IPG', 'ORCL', 'SOPA', 'BIDU', 'NVDA', 'AMZN', 'MU', 'ADBE', 'ML', 'PLTR']"
InvestorPlace,https://investorplace.com/2023/05/3-growth-stocks-that-could-turn-1000-into-10000-by-2030/,There's more than one way to position your portfolio to benefit from a continuing AI revolution. You can invest in companies that build AI...,2023-05-28 00:00:00,"['DOW', 'LCID', 'MD', 'NET', 'FICO', 'GME', 'UPST', 'SNAP', 'UDMY', 'SOFI', 'FVRR']"
Kiplinger,https://www.kiplinger.com/investing/best-retirement-stocks,3 Growth Stocks That Could Turn $1000 into $10000 by 2030,2023-05-26 00:00:00,"['AMGN', 'ORI', 'MDT', 'ABBV', 'XOM', 'CVX', 'BEN', 'ABT', 'HPQ', 'FCF', 'HP', 'WBA']"
Yahoo Finance,https://finance.yahoo.com/news/best-growth-stocks-buy-may-101010890.html,These top growth stocks are poised for long-term growth and could deliver multibagger returns before 2030.,2023-05-03 00:00:00,[]
Investopedia,https://www.investopedia.com/top-energy-stocks-may-2023-7492012,Best Retirement Stocks to Buy Now,2023-05-12 00:00:00,"['CHK', 'O', 'YPF', 'TRMD', 'SBOW', 'BSM', 'OBE', 'V', 'SWN', 'SA', 'L', 'AROC', 'BP', 'VIST', 'M']"
The Motley Fool,https://www.fool.com/investing/2023/04/12/got-5000-these-are-2-of-the-best-growth-stocks-to/,The best retirement stocks ideally have attractive dividends that can be sustained. This can lead to steady income and long-term value for...,2023-05-03 00:00:00,"['MSFT', 'ABNB']"
The Motley Fool,https://www.fool.com/investing/2023/04/11/5-best-growth-stocks-to-buy-now-under-20/,Best Growth Stocks to Buy for May 1st,2023-05-03 00:00:00,"['SOFI', 'SKYT', 'PATH', 'TOST']"
Yahoo Finance,https://finance.yahoo.com/news/best-growth-stocks-buy-march-095409704.html,"ASUR, APG and URBN made it to the Zacks Rank #1 (Strong Buy) growth stocks list on May 1, 2023.",2023-03-24 00:00:00,[]
U.S. News - Money,https://money.usnews.com/investing/stock-market-news/slideshows/best-cheap-stocks-to-buy-now,Top Energy Stocks for May 2023,2023-05-05 00:00:00,
The Motley Fool,https://www.fool.com/investing/2023/05/13/nasdaq-bear-market-5-growth-stocks-regret-not-buy/,"Southwestern Energy, Black Stone Minerals, and TORM are top for best value, fastest growth, and most momentum, respectively.",2023-05-12 00:00:00,"['IIPR', 'RDFN', 'NNN', 'BIDU', 'EXEL', 'PINS']"
The Motley Fool,https://www.fool.com/investing/2023/05/25/1-growth-stock-to-buy-after-a-post-earnings-dip/,1 Growth Stock to Buy After a Post-Earnings Dip,2023-05-26 00:00:00,['ABNB']
The Motley Fool,https://www.fool.com/investing/2023/05/04/want-to-get-richer-2-best-stocks-to-buy-and-hold/,"The market often reacts erratically to quarterly earnings. Companies that deliver solid returns can see their stock prices soar,...",2023-05-03 00:00:00,"['TDOC', 'ISRG']"
InvestorPlace,https://investorplace.com/2023/05/7-under-10-sleeper-stocks-to-buy-before-investors-wake-up/,Want to Get Richer? 2 Best Stocks to Buy Now and Hold Forever,2023-06-01 00:00:00,"['WTTR', 'WOOF', 'DOW', 'MCW', 'BX', 'PSFE', 'PYPL', 'ELAN', 'GME', 'SOFI', 'SAVE', 'MD', 'LCID', 'JBLU', 'BRKL']"
Yahoo Finance,https://finance.yahoo.com/news/15-high-growth-large-cap-140018277.html,These two high-growth stocks have the potential to deliver solid long-term returns.,2023-04-06 00:00:00,[]
Investor's Business Daily,https://www.investors.com/research/growth-stocks-to-buy-and-watch-2023/,7 Under-$10 Sleeper Stocks to Buy Before Investors Wake Up,2023-03-20 00:00:00,['ID']
U.S. News - Money,https://money.usnews.com/investing/funds/slideshows/best-growth-funds-to-buy-and-hold,"Investors may want to consider these top seven sleeper stocks under $10 a share, as we head into the second half of 2023.",2023-05-03 00:00:00,
Seeking Alpha,https://seekingalpha.com/article/4595989-my-top-10-dividend-growth-stocks-to-invest-in-may-2023,15 High Growth Large Cap Stocks to Invest In,2023-05-03 00:00:00,"['AAPL', 'AXP', 'LIN', 'UA', 'TRV', 'JPM', 'MA', 'FCF', 'GOOG', 'PM', 'UAA', 'NKE', 'SCHW', 'GOOGL', 'ITUB', 'META', 'MSFT']"
The Motley Fool,https://www.fool.com/investing/2023/05/10/2-magnificent-growth-stocks-you-can-buy-with-150-r/,"In this piece, we will take a look at the 15 high growth large cap stocks to invest in. For more stocks, head on over to 5 High Growth Large...",2023-05-12 00:00:00,"['INMD', 'AXSM']"
The Motley Fool,https://www.fool.com/investing/2023/05/05/2-growth-stocks-down-45-and-90-youll-regret-not-bu/,16 Top Growth Stocks Expecting A 50% To 439% Rise This Year,2023-05-05 00:00:00,"['FVRR', 'ABNB']"
The Motley Fool,https://www.fool.com/investing/2023/01/31/bull-market-is-coming-2-top-growth-stocks-to-buy/,"After last year's bear market, a new crop of growth stocks has emerged. Here's a look at 16 companies, including Palo Alto Networks (PANW),...",2023-01-31 00:00:00,"['DSP', 'TTD', 'TEAM', 'IT']"
Yahoo Finance,https://finance.yahoo.com/news/best-growth-stocks-buy-march-094109678.html,Best Growth Stocks to Buy for March 22nd,2023-03-22 00:00:00,[]
Zacks,https://www.zacks.com/commentary/2081732/best-growth-stocks-to-buy-for-april-20th,"PANW, CALM and RL made it to the Zacks Rank #1 (Strong Buy) growth stocks list on March 22, 2023.",2023-05-03 00:00:00,[]
The Motley Fool,https://www.fool.com/investing/2023/05/09/best-growth-stock-to-buy-draftkings-vs-chewy/,Best Growth Stocks to Buy for April 20th,2023-05-12 00:00:00,"['DKNG', 'CHWY']"
Investopedia,https://www.investopedia.com/top-materials-stocks-may-2023-7498092,"MPC, GPK and APG made it to the Zacks Rank #1 (Strong Buy) growth stocks list on April 20, 2023.",2023-05-19 00:00:00,"['GSM', 'V', 'ARCH', 'CX', 'SQM', 'MLM', 'ABC', 'L', 'O', 'M', 'RIO', 'ALB', 'SGML']"
Morningstar,https://www.morningstar.com/stocks/10-best-companies-invest-now,Best Growth Stock to Buy: DraftKings vs. Chewy,2023-05-26 00:00:00,"['IFF', 'ZBH', 'WFC', 'PVH', 'TSM', 'YUMC', 'GSK', 'JPM', 'CMCSA', 'BUD', 'USB', 'BAC', 'AG']"
TheStreet,https://www.thestreet.com/topics/etf/top-ranked-domestic-growth,Investing in growth stocks can be lucrative for long-term investors.,2023-05-26 00:00:00,[]
Yahoo Finance,https://finance.yahoo.com/news/best-growth-stocks-buy-march-113211236.html,Top Materials Stocks for May 2023,2023-03-21 00:00:00,[]
Zacks,https://www.zacks.com/commentary/2088233/best-growth-stocks-to-buy-for-may-2nd,"Cemex, Albermarle, and Patriot Battery lead for value, growth, and momentum, respectively.",2023-05-03 00:00:00,[]
Zacks,https://www.zacks.com/commentary/2082546/best-growth-stocks-to-buy-for-april-21st,The 10 Best Companies to Invest in Now,2023-05-03 00:00:00,[]
InvestorPlace,https://investorplace.com/best-growth-stocks/,These undervalued stocks of high-quality companies are compelling investments today.,2023-05-19 00:00:00,"['V', 'IT', 'DOW', 'MA', 'GME', 'SOFI', 'DAVA', 'QCOM', 'BROS', 'DDOG', 'LCID', 'MD', 'EPAM', 'NVDA']"
The Motley Fool,https://www.fool.com/investing/2023/01/29/3-top-growth-stocks-to-buy-without-any-hesitation/,3 Top Growth Stocks to Buy Without Any Hesitation Right Now,2023-01-29 00:00:00,"['PLD', 'DPZ', 'PANW']"
Investopedia,https://www.investopedia.com/top-consumer-staples-may-2023-7496060,The growth stock meltdown over the past year has taught investors a tough lesson. There's a huge difference between companies that can grow...,2023-05-12 00:00:00,"['ELF', 'V', 'EDU', 'CALM', 'L', 'HIMS', 'PFGC', 'O', 'M']"
Morningstar,https://www.morningstar.com/stocks/3-cheap-stocks-buy-2,Top Consumer Staples for May 2023,2023-05-12 00:00:00,"['PVH', 'GOOGL', 'META', 'CMCSA']"
Yahoo Finance,https://finance.yahoo.com/news/best-growth-stocks-buy-march-103110411.html,"Marfrig Global Foods, Cal-Maine Foods, and e.l.f. beauty are top for value, growth, and momentum, respectively.",2023-03-23 00:00:00,[]
U.S. News - Money,https://money.usnews.com/investing/stock-market-news/slideshows/growth-stocks-that-also-pay-dividends,3 Cheap Stocks to Buy,2023-05-03 00:00:00,
InvestorPlace,https://investorplace.com/2023/05/3-growth-stocks-to-buy-and-hold-through-2030/,These high-quality holdings of this outstanding fund manager look undervalued today.,2023-05-12 00:00:00,"['XPEV', 'DOW', 'COIN', 'GME', 'SOFI', 'MD', 'NIO', 'LCID', 'ALB', 'LI']"
Yahoo Finance,https://finance.yahoo.com/news/best-growth-stocks-buy-april-101810586.html,Best Growth Stocks to Buy for March 23rd,2023-05-03 00:00:00,[]
Yahoo Finance,https://finance.yahoo.com/news/best-growth-stocks-buy-april-124612509.html,"ADM, CRM and ASUR made it to the Zacks Rank #1 (Strong Buy) growth stocks list on March 23, 2023.",2023-05-03 00:00:00,[]
Kiplinger,https://www.kiplinger.com/investing/stocks/best-growth-stocks-to-buy-now,9 Growth Stocks That Also Pay Dividends | Investing | U.S. News,2022-11-08 00:00:00,"['DAR', 'PTON', 'MGM', 'SPGI', 'NOW', 'SAP', 'KKR', 'PLNT', 'CEQP', 'III', 'VLO', 'NKE', 'VICI', 'MTZ', 'CARG', 'CHRD', 'ICLR', 'BMO']"
Yahoo Finance,https://finance.yahoo.com/news/best-growth-stocks-buy-april-112711630.html,Get growth and income with these double-threat stocks.,2023-05-03 00:00:00,[]
Yahoo Finance,https://finance.yahoo.com/news/best-growth-stocks-buy-march-095309974.html,Best Growth Stocks to Buy for March 20th,2023-03-20 00:00:00,[]
Forbes,https://www.forbes.com/advisor/investing/best-warren-buffett-stocks/,"PANW, CALM and ELF made it to the Zacks Rank #1 (Strong Buy) growth stocks list on March 20, 2023.",2023-05-19 00:00:00,"['AAPL', 'AXP', 'CVX', 'OXY', 'FL', 'ATVI', 'DE', 'MCO', 'XOM', 'HR', 'PLUS', 'AU', 'BRK.B', 'HPQ', 'HP', 'IT', 'KO', 'KHC', 'BAC']"
The Motley Fool,https://www.fool.com/investing/2023/03/12/3-top-growth-stocks-to-supercharge-your-portfolio/,Top 10 Warren Buffett Stocks – Forbes Advisor - Investing,2023-03-12 00:00:00,"['DDOG', 'SE', 'FTCH', 'IT']"
U.S. News - Money,https://money.usnews.com/investing/dividends/slideshows/best-monthly-dividend-stocks-to-buy-now,Here are the best stocks owned by investing legend Warren Buffett's Berkshire Hathaway.,2023-05-26 00:00:00,
Yahoo Finance,https://finance.yahoo.com/news/best-growth-stocks-buy-april-112611146.html,3 Top Growth Stocks to Supercharge Your Portfolio,2023-05-03 00:00:00,[]
Yahoo Finance,https://finance.yahoo.com/news/12-best-low-priced-growth-133010545.html,"Issues with the economy abound at the start of 2023. Inflation is still high, and the U.S. Federal Reserve recently indicated it will still...",2023-05-03 00:00:00,[]
InvestorPlace,https://investorplace.com/2023/05/3-profitable-small-cap-growth-stocks-to-buy-now/,7 Best Monthly Dividend Stocks to Buy Now | Investing | U.S. News,2023-05-28 00:00:00,"['DOW', 'NXT', 'CSIQ', 'GME', 'CXT', 'SHAK', 'SOFI', 'MD', 'LCID', 'CR', 'FSLR']"
Yahoo Finance,https://finance.yahoo.com/news/best-growth-stocks-buy-april-114611971.html,Regular paydays can provide steady income via these seven stocks.,2023-05-03 00:00:00,[]
Seeking Alpha,https://seekingalpha.com/article/4573755-3-best-growth-stocks-to-buy-in-2023,Best Growth Stocks to Buy for April 17th,2023-01-31 00:00:00,"['SA', 'JD', 'PEG', 'BABA', 'TME', 'AM', 'INTC', 'JXN', 'AMZN', 'MSFT', 'PDD']"
The Motley Fool,https://www.fool.com/investing/2023/02/28/my-10-best-growth-stocks-to-buy-in-march/,"CROX, HSIC and IPAR made it to the Zacks Rank #1 (Strong Buy) growth stocks list on April 17, 2023.",2023-02-27 00:00:00,"['V', 'DOCU', 'PYPL', 'MA', 'ADBE', 'GOOG', 'DIS', 'META', 'ABNB', 'MSFT']"
Yahoo Finance,https://finance.yahoo.com/news/best-growth-stocks-buy-april-113611482.html,Best Growth Stocks to Buy for April 12th,2023-05-03 00:00:00,[]
The Motley Fool,https://www.fool.com/investing/2023/04/02/my-10-best-growth-stocks-to-buy-now-in-april/,"APG, DTEGY and RICK made it to the Zacks Rank #1 (Strong Buy) growth stocks list on April 12, 2023.",2023-04-01 00:00:00,"['V', 'PYPL', 'ADBE', 'GOOG', 'FVRR', 'DIS', 'GOOGL', 'PLTR', 'ABNB', 'CRM', 'MSFT']"
The Motley Fool,https://www.fool.com/investing/2023/03/19/12-stock-portfolio-25-growth-stocks-to-buy-now/,My 10 Best Growth Stocks to Buy Now in April,2023-03-19 00:00:00,"['STEM', 'INDI', 'ISRG', 'WING', 'MELI', 'SNOW', 'RKLB', 'MRNA', 'AMD', 'DE', 'TSLA', 'VRTX', 'UNH', 'TTD', 'CRWD', 'NET', 'AXON', 'SQ', 'TSCO', 'SOFI', 'NKE', 'CELH', 'ENPH', 'MSFT', 'NVDA']"
The Motley Fool,https://www.fool.com/investing/2023/03/21/nasdaq-bear-market-2-top-growth-stocks-to-buy-now/,Growth stock investing can be a lucrative strategy to gain wealth.,2023-03-21 00:00:00,"['MCD', 'TV', 'ROKU', 'NFLX', 'ETSY', 'MSFT', 'BMO']"
Morningstar,https://www.morningstar.com/stocks/3-growth-stocks-aggressive-investors-buy-hold-2,12-Stock Portfolio -- 25 Growth Stocks to Buy Now,2023-05-03 00:00:00,"['LAC', 'PVH', 'FTCH']"
Forbes,https://www.forbes.com/advisor/investing/best-long-term-stocks/,"If I were starting a new growth stock portfolio today, here are the stocks I'd buy.",2023-05-03 00:00:00,"['AAPL', 'DE', 'BRO', 'CMT', 'AU', 'IT', 'MA', 'TSCO', 'COST', 'DG', 'HR', 'UNH', 'ELV', 'MMC', 'INTU', 'CDNS', 'PLUS']"
InvestorPlace,https://investorplace.com/2023/05/3-metaverse-stocks-to-buy-for-a-virtual-reality-future/,Nasdaq Bear Market: 2 Top Growth Stocks Down 55% and 87% to Buy Before They Rebound,2023-06-01 00:00:00,"['RBLX', 'DOW', 'GME', 'SOFI', 'MD', 'AMZN', 'LCID', 'NVDA']"
Nasdaq,https://www.nasdaq.com/articles/got-%245000-2-top-growth-stocks-to-buy-that-could-double-your-money.,"Despite recent price declines, the future still looks bright for these magnificent growth stocks.",2023-03-28 00:00:00,
Yahoo Finance,https://finance.yahoo.com/news/best-growth-stocks-buy-april-133701726.html,3 Growth Stocks for Aggressive Investors to Buy and Hold,2023-04-04 00:00:00,[]
Investopedia,https://www.investopedia.com/top-hotel-stocks-q2-2023-7499282,"Susan Dziubinski: When it comes to investing, people talk about what's called a “margin of safety.” All that means is buying stocks for less...",2023-05-19 00:00:00,"['MAR', 'M', 'SHO', 'VAC', 'DRH', 'FOR', 'HLT', 'HGV', 'RHP', 'HTHT', 'O', 'HST', 'SVC', 'VICI', 'BP', 'ABNB', 'IHG', 'V', 'MGM', 'L', 'PK']"
U.S. News - Money,https://money.usnews.com/investing/stock-market-news/slideshows/growth-stocks-value-stocks-to-buy,"4 Growth Stocks, 4 Value Stocks to Buy Now | Investing | U.S. News",2022-11-10 00:00:00,
Forbes,https://www.forbes.com/advisor/investing/best-value-stocks/,"In 2022, it has definitely been a ""risk off"" year as most of the worst-performing companies are in aggressive corners of the market like...",2023-05-03 00:00:00,"['DE', 'WBD', 'TMUS', 'AU', 'NUE', 'IT', 'PFG', 'URI', 'FCF', 'TV', 'NVR', 'HR', 'AMP', 'AMZN', 'CF', 'EXC', 'WDC', 'PLUS']"
Zacks,https://www.zacks.com/commentary/2074822/best-growth-stocks-to-buy-for-april-5th,Best Value Stocks Of 2023 – Forbes Advisor - Investing,2023-04-05 00:00:00,[]
InvestorPlace,https://investorplace.com/2023/05/7-hyper-growth-stocks-to-buy-before-they-soar-to-new-heights-in-2023/,Bank of America recently updated its top value stock picks—here are the ten top value stock picks with the most upside.,2023-05-26 00:00:00,"['TTD', 'PANW', 'DOW', 'KO', 'SQM', 'GME', 'TV', 'DKNG', 'SOFI', 'KGC', 'MD', 'LCID', 'BYD', 'ENPH']"
Yahoo Finance,https://finance.yahoo.com/news/best-growth-stocks-buy-march-124012334.html,Best Growth Stocks to Buy for April 5th,2023-03-28 00:00:00,[]
Yahoo Finance,https://finance.yahoo.com/news/best-growth-stocks-buy-april-113511500.html,"CROX, PANW and APG made it to the Zacks Rank #1 (Strong Buy) growth stocks list on April 5, 2023.",2023-05-03 00:00:00,[]
Nasdaq,https://www.nasdaq.com/articles/2-top-growth-stocks-to-buy-with-$200-right-now,7 Hyper-Growth Stocks to Buy Before They Soar to New Heights in 2023,2023-04-01 00:00:00,
Forbes,https://www.forbes.com/advisor/investing/growth-stocks/,These top hyper-growth stocks have the potential to outperform market expectations once the headwinds start dissipating.,2023-05-03 00:00:00,"['PTON', 'DE', 'AAPL', 'AU', 'IT', 'TSLA', 'TD', 'HR', 'AMZN', 'PLUS']"
Yahoo Finance,https://finance.yahoo.com/news/best-growth-stocks-buy-march-130701439.html,Best Growth Stocks to Buy for March 28th,2023-03-31 00:00:00,[]
Yahoo Finance,https://finance.yahoo.com/news/best-growth-stocks-buy-march-131301630.html,"PERI, ASUR and CRM made it to the Zacks Rank #1 (Strong Buy) growth stocks list on March 28, 2023.",2023-03-29 00:00:00,[]
InvestorPlace,https://investorplace.com/2023/04/7-top-growth-stocks-to-buy-for-the-next-decade/,7 Top Growth Stocks to Buy for the Next Decade,2023-05-03 00:00:00,"['AAPL', 'NVO', 'DOW', 'SQ', 'GME', 'SOFI', 'FVRR', 'MD', 'LCID', 'JMIA', 'MSFT', 'BEAM', 'DNA']"
Morningstar,https://www.morningstar.com/stocks/3-top-growth-stocks-buy-hold-2023,"These seven stocks have a promising future ahead of them, which is why they're the top growth stocks to buy for the next decade.",2023-01-13 00:00:00,"['PVH', 'NOW', 'IT', 'GOOG', 'HR', 'META', 'CRM', 'SNAP']"
Zacks,https://www.zacks.com/commentary/2083389/best-growth-stocks-to-buy-for-april-24th,3 Top Growth Stocks to Buy and Hold in 2023,2023-05-03 00:00:00,[]
Investor's Business Daily,https://www.investors.com/research/best-cathie-wood-stocks-to-watch-coinbase-block-roku-zoom-video-tesla-falls/,"After a long stretch of outperformance, growth stocks took it on the chin in 2022: The Morningstar US Growth Index lagged the Morningstar US...",2023-05-27 00:00:00,['ID']
The Motley Fool,https://www.fool.com/investing/2023/01/15/2-top-growth-stocks-im-buying-hand-over-fist-these/,Best Growth Stocks to Buy for April 24th,2023-01-15 00:00:00,"['GOOG', 'DDOG', 'GOOGL']"
U.S. News - Money,https://money.usnews.com/investing/slideshows/best-large-cap-stocks-to-buy,"ASUR, APG and CRM made it to the Zacks Rank #1 (Strong Buy) growth stocks list on April 24, 2023.",2023-04-05 00:00:00,
MarketBeat,https://www.marketbeat.com/originals/11-best-growth-stocks-to-buy-now/,Ark Invest Stocks To Watch: 5 Stocks That Cathie Wood's Ark ETFs Own,2023-05-03 00:00:00,"['AAPL', 'SHOP', 'BABA', 'DIS', 'NIO', 'SD', 'AMD', 'ELF', 'HUGE', 'ZM', 'PYPL', 'TSLA', 'GOOG', 'NFLX', 'PFE', 'TTD', 'DOCU', 'GE', 'SQ', 'LEA', 'SOFI', 'INTC', 'AMZN', 'META', 'RSI', 'AMC', 'MU', 'PVH', 'DOW', 'TV', 'CGC', 'CSV', 'GOOGL', 'MSFT', 'NVDA']"
Zacks,https://www.zacks.com/commentary/2067197/best-growth-stocks-to-buy-for-march-17th,Cathie Wood's ARK Invest ETFs plunged again in 2022 after 2021's huge losses. Five ARK Invest stocks to watch include Tesla stock.,2023-03-17 00:00:00,[]
U.S. News - Money,https://money.usnews.com/investing/stock-market-news/slideshows/best-health-care-stocks-to-buy-this-year,2 Top Growth Stocks I'm Buying Hand Over Fist These Days,2023-03-22 00:00:00,
Zacks,https://www.zacks.com/commentary/2075426/best-growth-stocks-to-buy-for-april-6th,I like to make a small starter investment in a stock and add to the position as my conviction grows. Two stocks I've been buying hand over...,2023-04-06 00:00:00,[]
The Motley Fool,https://www.fool.com/investing/2022/12/15/2-top-stocks-to-buy-once-in-a-decade-opportunity/,Nasdaq Bear Market: 2 Top Growth Stocks to Buy in a Once-in-a-Decade Opportunity,2022-12-15 00:00:00,"['TEAM', 'NVDA', 'IT']"
Nasdaq,https://www.nasdaq.com/articles/my-10-best-growth-stocks-to-buy-now-in-april,"High inflation and rising interest rates have eroded confidence in the economy, triggering a sweeping downturn in the stock market.",2023-04-02 00:00:00,
TipRanks,https://www.tipranks.com/news/labs/how-to-pick-the-best-growth-stocks-to-buy,My 10 Best Growth Stocks to Buy Now in April,2023-01-27 00:00:00,[]
InvestorPlace,https://investorplace.com/2023/05/7-growth-stocks-that-could-double-your-money-in-2023/,"Companies that are growing customers, revenue, and profits tend to increase in valuation over time. Of course, investing in growth stocks is...",2023-05-19 00:00:00,"['ABCL', 'KYMR', 'DOW', 'KO', 'GME', 'SIMO', 'SOFI', 'PRCT', 'MD', 'LCID', 'SDGR', 'HSAI', 'RAMP']"
Zacks,https://www.zacks.com/commentary/2064544/best-growth-stocks-to-buy-for-march-13th,How to Pick the Best Growth Stocks to Buy,2023-03-13 00:00:00,[]
Zacks,https://www.zacks.com/commentary/2089125/best-growth-stocks-to-buy-for-may-3rd,The investment environment of 2022 gave investors (especially growth-stock investors) a valuable learning experience. 2022 wasn't the best...,2023-05-03 00:00:00,[]
Forbes,https://www.forbes.com/advisor/investing/best-stocks-to-buy-now/,7 Growth Stocks That Could Double Your Money in 2023,2023-05-03 00:00:00,"['DE', 'CUBE', 'LW', 'AU', 'IT', 'LOW', 'PGR', 'FLS', 'TV', 'HR', 'FDX', 'NFLX', 'UNH', 'NYC', 'PLUS']"
The Motley Fool,https://www.fool.com/investing/2023/01/18/3-top-growth-stocks-that-could-shoot-39-to-95-high/,"For investors that really want to roll the dice, these are the enticing growth stocks that could double your money.",2023-01-18 00:00:00,"['LOVE', 'INMD', 'AMZN']"
Zacks,https://www.zacks.com/commentary/2080850/best-growth-stocks-to-buy-for-april-19th,Best Growth Stocks to Buy for March 13th,2023-05-03 00:00:00,[]
U.S. News - Money,https://money.usnews.com/investing/stock-market-news/slideshows/best-cheap-dividend-stocks-under-20,"IFNNY, URBN and GIB made it to the Zacks Rank #1 (Strong Buy) growth stocks list on March 13, 2023.",2023-05-12 00:00:00,
Zacks,https://www.zacks.com/commentary/2065175/best-growth-stocks-to-buy-for-march-14th,Best Growth Stocks to Buy for March 14th,2023-03-14 00:00:00,[]
U.S. News - Money,https://money.usnews.com/investing/stock-market-news/slideshows/upgraded-stocks-to-buy,"GPK, CALM and ELF made it to the Zacks Rank #1 (Strong Buy) growth stocks list on March 14, 2023.",2023-05-03 00:00:00,
Investopedia,https://www.investopedia.com/terms/v/valuestock.asp,9 Upgraded Stocks to Buy in May | Investing | U.S. News,2023-05-12 00:00:00,"['V', 'HMC', 'L', 'O', 'PB', 'M']"
Zacks,https://www.zacks.com/commentary/2053833/best-growth-stocks-to-buy-for-february-14th,These upgraded stocks from CFRA Research could be worth adding to your portfolio.,2023-02-14 00:00:00,[]
The Motley Fool,https://www.fool.com/investing/2023/03/07/5-best-growth-stocks-to-buy-now-under-10-ai-stocks/,"Value Stock: What It Is, Examples, Pros and Cons",2023-03-07 00:00:00,"['STEM', 'MQ', 'SOFI', 'PLTR', 'RKLB']"
Forbes,https://www.forbes.com/advisor/investing/stock-market-outlook-and-forecast/,"A value stock refers to shares of a company that appears to trade at a lower price relative to its fundamentals, such as dividends,...",2023-05-03 00:00:00,"['CME', 'DE', 'AAPL', 'AU', 'IT', 'TSLA', 'LPL', 'TD', 'HR', 'PLUS']"
Nasdaq,https://www.nasdaq.com/articles/best-growth-stocks-to-buy-now-3-to-watch-in-2023,Best Growth Stocks to Buy for February 14th,2023-02-05 00:00:00,
Seeking Alpha,https://seekingalpha.com/article/4568672-3-top-growth-stocks-goldilocks-economy,"ARCO, CALM and CNM made it to the Zacks Rank #1 (Strong Buy) growth stocks list on February 14, 2023.",2023-01-09 00:00:00,"['CDAY', 'CRM', 'HCM', 'SA', 'IT', 'BOX', 'AM', 'AMZN', 'META', 'HR', 'ARR', 'MODN', 'TU']"
U.S. News - Money,https://money.usnews.com/investing/stock-market-news/slideshows/best-emerging-markets-stocks-to-buy,5 Best Growth Stocks to Buy Now Under $10 (AI Stocks to Buy),2023-03-30 00:00:00,
Investopedia,https://www.investopedia.com/consumer-discretionary-stocks-7496172,These 5 growth stocks leverage artificial intelligence and are beaten down from their highs. Are these stock picks diamonds in the rough...,2023-05-12 00:00:00,"['V', 'EVGO', 'MNSO', 'M', 'LNW', 'L', 'O', 'CCI', 'BZH', 'SNBR', 'MLCO', 'PENN', 'AMZN', 'STLA']"
Forbes,https://www.forbes.com/advisor/investing/best-cheap-stocks/,9 Best Cheap Stocks To Buy Now – Forbes Advisor,2023-05-03 00:00:00,"['DE', 'DQ', 'CMT', 'AU', 'MUSA', 'IT', 'TSM', 'LRN', 'UFPI', 'NXST', 'ABG', 'TV', 'IBKR', 'LCII', 'HR', 'META', 'SPWH', 'PLUS']"
Zacks,https://www.zacks.com/commentary/2063995/best-growth-stocks-to-buy-for-march-10th,Buying the dip is a great way to get stocks on sale. Read our listing to discover cheap stocks to buy now.,2023-03-10 00:00:00,[]
U.S. News - Money,https://money.usnews.com/investing/stock-market-news/articles/stocks-that-are-good-inflation-investments,Best Growth Stocks to Buy for March 10th,2023-05-12 00:00:00,
U.S. News - Money,https://money.usnews.com/investing/stock-market-news/slideshows/best-marijuana-stocks-to-buy,"CALM, IPAR and SIGI made it to the Zacks Rank #1 (Strong Buy) growth stocks list on March 10, 2023.",2023-05-19 00:00:00,
Zacks,https://www.zacks.com/commentary/2072254/best-growth-stocks-to-buy-for-march-30th,7 Stocks That Are Good Inflation Investments | Investing | U.S. News,2023-03-30 00:00:00,[]
InvestorPlace,https://investorplace.com/2023/04/7-best-stocks-to-buy-for-long-term-growth/,Buy these inflation stocks to protect your portfolio.,2023-05-03 00:00:00,"['FOUR', 'DOW', 'GME', 'SOFI', 'PX', 'DLTR', 'MD', 'UNH', 'LCID', 'ALB', 'TXRH', 'PDD']"
Zacks,https://www.zacks.com/commentary/2077989/best-growth-stocks-to-buy-for-april-13th,7 Best Marijuana Stocks to Buy in 2023 | Investing | U.S. News,2023-05-03 00:00:00,[]
U.S. News - Money,https://money.usnews.com/investing/stock-market-news/slideshows/best-bank-stocks-to-buy-this-year,"The market for cannabis stocks remains in a profound slump, creating an opportunity for long-term investors who want to buy on the cheap and...",2023-05-05 00:00:00,
Investopedia,https://www.investopedia.com/top-food-stocks-for-q2-2023-7480205,Best Growth Stocks to Buy for March 30th,2023-05-03 00:00:00,"['V', 'SA', 'LW', 'HLF', 'ASAI', 'COCO', 'L', 'O', 'PFGC', 'M', 'CELH']"
Nasdaq,https://www.nasdaq.com/articles/5-best-growth-stocks-to-buy-now-under-$20,"CRM, PERI and RL made it to the Zacks Rank #1 (Strong Buy) growth stocks list on March 30, 2023.",2023-05-03 00:00:00,
TipRanks,https://www.tipranks.com/news/article/best-growth-stocks-to-buy-now-according-to-analysts,"Best Growth Stocks to Buy Now, According to Analysts",2023-03-09 00:00:00,[]
Nasdaq,https://www.nasdaq.com/articles/2-top-growth-stocks-to-buy-right-now-and-hold-for-the-long-term-7,"Looking for impressive returns despite uncertain market conditions? Well, investors can use TipRanks' Stock Comparison tool to discover the...",2023-05-03 00:00:00,
Forbes,https://www.forbes.com/advisor/investing/best-low-risk-investments/,2 Top Growth Stocks to Buy Right Now and Hold for the Long Term,2023-05-12 00:00:00,"['AAPL', 'DE', 'CO', 'AU', 'IT', 'TSLA', 'TD', 'HR', 'PLUS']"
U.S. News - Money,https://money.usnews.com/investing/stock-market-news/slideshows/best-biotech-stocks-to-buy-today,Let me cut to the chase: Growth stocks smoked value stocks over the last decade -- and it's not even close.,2023-05-12 00:00:00,
Zacks,https://www.zacks.com/commentary/2062469/best-growth-stocks-to-buy-for-march-7th,10 Best Low-Risk Investments Right Now – Forbes Advisor,2023-03-07 00:00:00,[]
InvestorPlace,https://investorplace.com/2023/05/3-ev-charging-stocks-to-buy-for-explosive-growth/,Low-risk investments are a great option for conservative investors who want to protect their money from potential losses while still...,2023-05-27 00:00:00,"['EVGO', 'BLNK', 'CHPT', 'DOW', 'GME', 'SOFI', 'MD', 'LCID', 'EB', 'DC']"
Zacks,https://www.zacks.com/commentary/2057237/best-growth-stocks-to-buy-for-february-22nd,8 Best Biotech Stocks to Buy in 2023 | Investing | U.S. News,2023-02-22 00:00:00,[]
Bankrate,https://www.bankrate.com/investing/best-investments/,Analysts say these biotech stocks are well positioned for growth in 2023.,2023-05-03 00:00:00,"['BR', 'YOU', 'ID']"
Nasdaq,https://www.nasdaq.com/articles/2-terrific-growth-stocks-to-buy-with-$200-right-now,Best Growth Stocks to Buy for March 7th,2023-02-16 00:00:00,
InvestorPlace,https://investorplace.com/2023/04/3-top-hyper-growth-stocks-to-buy-in-april-2023/,"CALM, GIB and RE made it to the Zacks Rank #1 (Strong Buy) growth stocks list on March 7, 2023.",2023-05-03 00:00:00,"['SHOP', 'DOW', 'TSLA', 'GME', 'SOFI', 'MD', 'LCID', 'BYD', 'NVDA']"
Forbes,https://www.forbes.com/uk/advisor/investing/best-growth-stocks/,Our Pick Of The Best Growth Stocks & Shares,2023-03-08 00:00:00,"['AAPL', 'DE', 'AU', 'IT', 'HSBC', 'PLNT', 'IP', 'TV', 'AIM', 'NFLX', 'DNLI', 'EQ', 'MRNA', 'SBSI']"
InvestorPlace,https://investorplace.com/2023/04/7-high-growth-stocks-that-could-make-you-a-fortune/,"Growth stocks are companies that, because of their potential – often based on unique products or disruptive technologies – are expected to...",2023-05-03 00:00:00,"['CMG', 'DOW', 'GS', 'GM', 'RACE', 'GME', 'SOFI', 'MD', 'ATVI', 'META', 'LCID', 'MSFT', 'ETR', 'CRM', 'INTU']"
Yahoo Finance,https://finance.yahoo.com/news/best-growth-stocks-buy-march-113011201.html,7 High-Growth Stocks That Could Make You a Fortune,2023-03-27 00:00:00,[]
NerdWallet,https://www.nerdwallet.com/article/investing/these-growth-stocks-hit-all-time-lows-2023,"These high-growth stocks have a proven track record, and could see even more substantial gains as we come out of last year's bear market.",2023-03-20 00:00:00,"['AU', 'ID', 'ABC', 'O']"
Zacks,https://www.zacks.com/commentary/2059623/best-growth-stocks-to-buy-for-february-28th,Best Growth Stocks to Buy for March 27th,2023-02-28 00:00:00,[]
The Motley Fool,https://www.fool.com/investing/2023/05/24/prediction-cathie-wood-ai-stock-top-5-2030/,"UGP, DTEGY and RL made it to the Zacks Rank #1 (Strong Buy) growth stocks list on March 27, 2023.",2023-05-26 00:00:00,['TSLA']
CNBC,https://www.cnbc.com/2023/02/02/jim-cramer-says-he-likes-these-3-junior-growth-stocks-for-younger-investors.html,These 8 Growth Stocks Have Hit All-Time Lows. Is It Time to Buy?,2023-02-02 00:00:00,"['TSLA', 'ALL', 'TV', 'PM', 'BROS', 'ETSY', 'ABNB', 'PRO', 'LIVE']"
Forbes,https://www.forbes.com/advisor/investing/best-recession-stocks/,"Rivian, Warby Parker and Lyft are among the stocks that have hit what some investors hope is rock bottom this year.",2023-05-12 00:00:00,"['DE', 'CMT', 'AU', 'IT', 'AEE', 'DHR', 'XEL', 'BDX', 'TMO', 'HR', 'CMS', 'PEP', 'MRK', 'AMGN', 'PLUS']"
Zacks,https://www.zacks.com/commentary/2085132/best-growth-stocks-to-buy-for-april-26th,Best Growth Stocks to Buy for February 28th,2023-05-03 00:00:00,[]
Yahoo Finance,https://finance.yahoo.com/news/best-growth-stocks-april-2023-142445977.html,"CALM, GIB and NTTYY made it to the Zacks Rank #1 (Strong Buy) growth stocks list on February 28, 2023.",2023-03-23 00:00:00,[]
Yahoo Finance,https://finance.yahoo.com/news/10-growth-stocks-jim-cramer-103809130.html,10 Growth Stocks Jim Cramer is Talking About,2023-05-03 00:00:00,[]
Motley Fool,https://www.fool.com.au/2023/06/01/these-fantastic-asx-200-growth-stocks-are-buys-brokers/,"In this article, we will take a look at the 10 growth stocks to Jim Cramer is talking about. If you want to explore similar stocks,...",2023-06-02 00:00:00,[]
Kiplinger,https://www.kiplinger.com/slideshow/investing/t052-s001-20-best-stocks-to-invest-in-during-this-recession/index.html,These fantastic ASX 200 growth stocks are buys: brokers,2023-02-02 00:00:00,"['EOG', 'ORLY', 'WMT', 'MCD', 'DGX', 'PM', 'COST', 'SCI', 'DG', 'MO', 'INTU']"
Forbes,https://www.forbes.com/advisor/investing/best-healthcare-stocks/,These ASX 200 growth stock have been named as buys by brokers. Here's why they are bullish on them right now...,2023-05-03 00:00:00,"['DE', 'PFE', 'AU', 'NVO', 'IT', 'DHR', 'LLY', 'TMO', 'ABT', 'HR', 'UNH', 'JNJ', 'MRK', 'AG', 'PLUS']"
Forbes,https://www.forbes.com/advisor/investing/best-industrial-stocks/,Recession-Proof Stocks: Best Stocks to Buy During a Recession,2023-05-03 00:00:00,"['DE', 'LMT', 'GE', 'AU', 'UNP', 'IT', 'HON', 'CAT', 'UPS', 'HR', 'RTX', 'BA', 'AG', 'PLUS']"
InvestorPlace,https://investorplace.com/2023/03/7-growth-stocks-that-are-poised-to-boom-in-2024/,"The U.S. might not be in a recession at the moment, but expectations are high that one could hit in 2023. These are the best recession-proof...",2023-03-30 00:00:00,"['V', 'TSM', 'DOW', 'SQM', 'KO', 'GME', 'DGX', 'ADBE', 'SOFI', 'FVRR', 'DDOG', 'MD', 'LCID', 'NVDA']"
InvestorPlace,https://investorplace.com/2023/04/the-3-best-growth-stocks-to-buy-and-hold-through-2030/,Best Healthcare Stocks of June 2023 – Forbes Advisor,2023-05-03 00:00:00,"['TTD', 'DOW', 'GME', 'GOOG', 'SOFI', 'MD', 'SNOW', 'META', 'DOCN', 'GOOGL', 'LCID', 'CRM']"
Zacks,https://www.zacks.com/commentary/2047792/best-growth-stocks-to-buy-for-february-1st,"Here are the biggest healthcare stocks by market cap, including companies that develop pharmaceuticals, make medical devices or provide...",2023-02-01 00:00:00,[]
Forbes,https://www.forbes.com/advisor/investing/best-ev-stocks/,Best Industrial Stocks Of June 2023 – Forbes Advisor,2023-05-12 00:00:00,"['DE', 'AU', 'XPEV', 'IT', 'GM', 'LI', 'CHPT', 'TSLA', 'HR', 'NIO', 'LCID', 'ALB', 'DM', 'AEHR', 'PLUS']"
Zacks,https://www.zacks.com/commentary/2060398/best-growth-stocks-to-buy-for-march-1st,Industrial stocks include some of the oldest and most storied public companies and form the backbone of the U.S. economy.,2023-03-01 00:00:00,[]
Kiplinger,https://www.kiplinger.com/investing/stocks/604969/best-low-volatility-stocks-to-buy-now,7 Best Low-Volatility Stocks to Buy Now,2023-03-02 00:00:00,"['MDLZ', 'MCD', 'KO', 'PG', 'AA', 'KHC', 'AIZ', 'M', 'ETR', 'MRK', 'MSN', 'BA']"
U.S. News - Money,https://money.usnews.com/investing/stock-market-news/articles/best-stocks-for-a-starter-portfolio,The best low-volatility stocks help investors hedge during broad-market downturns.,2023-05-03 00:00:00,
Zacks,https://www.zacks.com/commentary/2037796/best-growth-stocks-to-buy-for-january-11th,9 of the Best Stocks for a Starter Portfolio,2023-01-11 00:00:00,[]
InvestorPlace,https://investorplace.com/2023/02/the-7-best-growth-stocks-to-buy-for-february-2023/,These growth and income stocks are great for new investors.,2023-02-06 00:00:00,"['DAR', 'NOW', 'DOW', 'GME', 'ACLS', 'PFGC', 'III', 'LSCC', 'SOFI', 'MD', 'TEVA', 'ICLR', 'LCID', 'CPRX']"
Morningstar,https://www.morningstar.com/markets/these-stocks-are-leading-growth-rebound,Best Growth Stocks to Buy for January 11th,2023-02-15 00:00:00,"['AAPL', 'ON', 'MRVL', 'SAIA', 'SQ', 'TSLA', 'DKNG', 'SLAB', 'LSCC', 'NVDA']"
Zacks,https://www.zacks.com/commentary/2066527/best-growth-stocks-to-buy-for-march-16th,"HHS, WTKWY and ELF made it to the Zacks Rank #1 (Strong Buy) growth stocks list on January 11, 2023.",2023-03-16 00:00:00,[]
Zacks,https://www.zacks.com/commentary/2073684/best-growth-stocks-to-buy-for-april-3rd,The 7 Best Growth Stocks to Buy for February 2023,2023-04-03 00:00:00,[]
USA Today,https://www.usatoday.com/money/blueprint/investing/best-cheap-stocks-to-buy/,Some of the best growth stocks are lesser-known names that have the ability to provide tremendous long-term upside for investors.,2023-02-21 00:00:00,"['NWSA', 'FOXA', 'MA', 'TV', 'FOX', 'MSN', 'NFLX', 'M', 'TPR', 'MOS', 'MRO', 'BWA']"
U.S. News - Money,https://money.usnews.com/investing/stock-market-news/slideshows/best-stocks-to-buy-for-rising-interest-rates,These Stocks Are Leading the Growth Rebound,2023-05-03 00:00:00,
Zacks,https://www.zacks.com/commentary/2044551/best-growth-stocks-to-buy-for-january-26th,"Tech stocks such as Apple, Nvidia, Block, and Lattice Semiconductor are fueling the growth stock rally in 2023.",2023-01-26 00:00:00,[]
Seeking Alpha,https://seekingalpha.com/article/4547404-rally-hat-top-2-growth-stocks-bear-market,2 Top Growth Stocks for A Bear Market (NYSE:VIST),2022-10-19 00:00:00,"['VIST', 'WTI', 'SA', 'TX', 'AM', 'OCC']"
Forbes,https://www.forbes.com/advisor/investing/best-real-estate-stocks/,Inflation and volatility in the markets make now a great time to consider value and growth stocks. Learn more about our top 2 growth stocks...,2023-05-03 00:00:00,"['DE', 'AU', 'IT', 'EQIX', 'SPG', 'CSGP', 'O', 'EU', 'PLD', 'CCI', 'PSA', 'HR', 'VICI', 'AMT', 'WELL', 'PLUS']"
InvestorPlace,https://investorplace.com/2023/03/the-3-best-growth-stocks-to-buy-now-and-hold-forever/,Best Real Estate Stocks Of June 2023 – Forbes Advisor,2023-03-26 00:00:00,"['TTD', 'PANW', 'DOW', 'GME', 'GOOG', 'SOFI', 'MD', 'META', 'LCID', 'CRM']"
InvestorPlace,https://investorplace.com/2023/02/the-3-best-growth-stocks-to-invest-in-for-the-long-haul/,"To help you find the best real estate companies for your portfolio, Forbes Advisor has compiled a list of the 10 largest real estate stocks...",2023-02-22 00:00:00,"['TSM', 'DOW', 'GME', 'GOOG', 'FVRR', 'SOFI', 'MD', 'AMZN', 'GOOGL', 'M', 'LCID', 'MSFT']"
Kiplinger,https://www.kiplinger.com/investing/stocks/small-cap-stocks/super-small-cap-stocks-to-buy,The 3 Best Growth Stocks to Buy Now and Hold Forever,2022-12-21 00:00:00,"['FATE', 'AXSM', 'KRTX', 'ARVN', 'COUR', 'CNS', 'GTLS', 'RCKT', 'DNLI', 'LNG']"
U.S. News - Money,https://money.usnews.com/investing/slideshows/best-defense-stocks-to-buy-now,"After a strong start to 2023, investors are looking for the best growth stocks to buy and hold. Palo Alto Networks (PANW): Strong secular...",2023-03-22 00:00:00,
Nasdaq,https://www.nasdaq.com/articles/what-are-the-best-stocks-to-invest-in-3-growth-stocks-for-your-list,The 3 Best Growth Stocks to Invest in for the Long Haul,2022-10-18 00:00:00,
Nasdaq,https://www.nasdaq.com/articles/5-top-growth-stocks-to-buy-now-under-%2410-0,"These well-established companies will see their growth take off once headwinds ease, making them the best growth stocks for the long term.",2023-01-14 00:00:00,
Yahoo Finance,https://finance.yahoo.com/news/5-dividend-growth-stocks-buy-123312262.html,7 Best Small-Cap Stocks to Buy for 2023 and Beyond,2023-03-30 00:00:00,[]
InvestorPlace,https://investorplace.com/2023/04/the-7-best-growth-stocks-to-buy-in-the-gaming-sector/,Analysts say a tough start to the year has these small-cap stocks priced for outperformance in the second half of 2022 and beyond.,2023-05-03 00:00:00,"['AAPL', 'RBLX', 'DOW', 'GME', 'TV', 'EA', 'SOFI', 'MD', 'ATVI', 'META', 'LCID', 'MSFT']"
Seeking Alpha,https://seekingalpha.com/article/4576698-5-top-rated-value-stocks-for-2023,Top 5 Value Stocks for 2023,2023-02-09 00:00:00,"['SA', 'IT', 'PEG', 'UAL', 'AEL', 'CALM', 'SMCI', 'O', 'AM', 'PUK', 'JXN']"
Fortune,https://fortune.com/recommends/investing/growth-vs-value-stocks/,Growth stocks have outperformed value stocks over the last decade. Value stocks outperformed growth in 2022. Click here for 5 Top value...,2023-01-12 00:00:00,"['BY', 'MPW', 'IP']"
Yahoo Finance,https://finance.yahoo.com/news/15-best-stocks-under-10-215458113.html,Here’s how growth stocks compare to value stocks,2023-03-17 00:00:00,[]
Kiplinger,https://www.kiplinger.com/investing/stocks/best-value-stocks,"Growth stocks can be more volatile but offer more potential to outperform the market, while value stocks may be more stable.",2022-11-16 00:00:00,"['CVS', 'RBC', 'JPM', 'NTR', 'WBA', 'ABBV', 'BMO', 'ABT', 'PG', 'AMCR', 'PSA', 'BAC', 'STLA', 'MPW', 'TGT']"
Investopedia,https://www.investopedia.com/top-bottom-stocks-2022-6834734,15 Best Stocks Under $10 To Buy Now,2022-12-06 00:00:00,"['OXY', 'CVS', 'TPL', 'PTON', 'V', 'AR', 'AFRM', 'COIN', 'L', 'O', 'FACT', 'CEG', 'M', 'APP', 'TWLO']"
Morningstar,https://www.morningstar.com/funds/best-growth-funds-2,"In this article, we will discuss the 15 best stocks to buy now that are currently trading under $10. If you want to explore similar stocks,...",2023-02-06 00:00:00,"['KAR', 'TRP']"
Forbes,https://www.forbes.com/advisor/investing/best-gold-stocks/,9 Best Value Stocks to Buy Now,2023-05-03 00:00:00,"['DE', 'CMT', 'AU', 'IT', 'FNV', 'RGLD', 'SSRM', 'HR', 'GFI', 'DRD', 'PLUS']"
Forbes,https://www.forbes.com/sites/investor-hub/article/best-stocks-for-2023-forbes-gurus/,"Over the past year, the old rules of investing have mostly gone out the window, but one thing hasn't changed: Wall Street's best value...",2023-03-08 00:00:00,"['ED', 'WLDN', 'MGIC', 'OP', 'LZB', 'AUDC', 'MSFT']"
Forbes,https://www.forbes.com/sites/investor-hub/article/7-best-commodity-stocks/,The Top (and Bottom) Five Stocks of 2022,2023-05-03 00:00:00,"['STLD', 'GM', 'FCX', 'ATI', 'FANG', 'O', 'ALB']"
InvestorPlace,https://investorplace.com/2023/01/the-7-best-growth-stocks-for-the-next-5-years/,"Occidental Petroleum, Constellation Energy, Antero Resources, Texas Pacific Land, and Signify Health are the top stocks of the year.",2023-01-29 00:00:00,"['ROVR', 'ENPH', 'DOW', 'ASML', 'IRS', 'FCF', 'GME', 'GOOG', 'SOFI', 'MD', 'GOOGL', 'LCID', 'AN', 'INTU', 'NVDA']"
Seeking Alpha,https://seekingalpha.com/article/4547404-rally-hat-top-2-growth-stocks-bear-market,2 Top Growth Stocks for A Bear Market (NYSE:VIST),2022-10-19 00:00:00,"['OCC', 'WTI', 'SA', 'VIST', 'TX', 'AM']"
Forbes,https://www.forbes.com/advisor/investing/best-real-estate-stocks/,Inflation and volatility in the markets make now a great time to consider value and growth stocks. Learn more about our top 2 growth stocks...,2023-05-03 00:00:00,"['CSGP', 'EQIX', 'WELL', 'CCI', 'DE', 'O', 'PSA', 'EU', 'PLD', 'AMT', 'SPG', 'HR', 'AU', 'PLUS', 'IT', 'VICI']"
InvestorPlace,https://investorplace.com/2023/03/the-3-best-growth-stocks-to-buy-now-and-hold-forever/,Best Real Estate Stocks Of June 2023 – Forbes Advisor,2023-03-26 00:00:00,"['GME', 'MD', 'PANW', 'LCID', 'SOFI', 'DOW', 'CRM', 'TTD', 'META', 'GOOG']"
InvestorPlace,https://investorplace.com/2023/02/the-3-best-growth-stocks-to-invest-in-for-the-long-haul/,"To help you find the best real estate companies for your portfolio, Forbes Advisor has compiled a list of the 10 largest real estate stocks...",2023-02-22 00:00:00,"['GME', 'MD', 'AMZN', 'LCID', 'SOFI', 'DOW', 'MSFT', 'GOOG', 'GOOGL', 'M', 'TSM', 'FVRR']"
Kiplinger,https://www.kiplinger.com/investing/stocks/small-cap-stocks/super-small-cap-stocks-to-buy,The 3 Best Growth Stocks to Buy Now and Hold Forever,2022-12-21 00:00:00,"['AXSM', 'CNS', 'DNLI', 'ARVN', 'RCKT', 'LNG', 'COUR', 'GTLS', 'KRTX', 'FATE']"
U.S. News - Money,https://money.usnews.com/investing/slideshows/best-defense-stocks-to-buy-now,"After a strong start to 2023, investors are looking for the best growth stocks to buy and hold. Palo Alto Networks (PANW): Strong secular...",2023-03-22 00:00:00,
Nasdaq,https://www.nasdaq.com/articles/what-are-the-best-stocks-to-invest-in-3-growth-stocks-for-your-list,The 3 Best Growth Stocks to Invest in for the Long Haul,2022-10-18 00:00:00,
Nasdaq,https://www.nasdaq.com/articles/5-top-growth-stocks-to-buy-now-under-%2410-0,"These well-established companies will see their growth take off once headwinds ease, making them the best growth stocks for the long term.",2023-01-14 00:00:00,
Yahoo Finance,https://finance.yahoo.com/news/5-dividend-growth-stocks-buy-123312262.html,7 Best Small-Cap Stocks to Buy for 2023 and Beyond,2023-03-30 00:00:00,[]
InvestorPlace,https://investorplace.com/2023/04/the-7-best-growth-stocks-to-buy-in-the-gaming-sector/,Analysts say a tough start to the year has these small-cap stocks priced for outperformance in the second half of 2022 and beyond.,2023-05-03 00:00:00,
